{"cameraMode":{"drawMode":0,"name":"Shaded","section":"Shading Mode"},"sceneLighting":true,"audioPlay":false,"sceneViewState":{"showFog":true,"showMaterialUpdate":false,"showSkybox":true,"showFlares":true,"showImageEffects":true,"showParticleSystems":true},"in2DMode":false,"pivot":{"x":-4800.0,"y":0.22993135452270509,"z":-2494.6572265625},"rotation":{"x":0.13626766204833985,"y":-0.04159390926361084,"z":0.005728153977543116,"w":0.98978191614151},"size":91.76937866210938,"orthographic":false}