{"cameraMode":{"drawMode":0,"name":"Shaded","section":"Shading Mode"},"sceneLighting":true,"audioPlay":false,"sceneViewState":{"showFog":true,"showMaterialUpdate":false,"showSkybox":true,"showFlares":true,"showImageEffects":true,"showParticleSystems":true},"in2DMode":false,"pivot":{"x":5234.9345703125,"y":837.9650268554688,"z":-216.99684143066407},"rotation":{"x":0.17124876379966737,"y":-0.2921370565891266,"z":0.05325643718242645,"w":0.9394112825393677},"size":101.75755310058594,"orthographic":false}