{"cameraMode":{"drawMode":0,"name":"Shaded","section":"Shading Mode"},"sceneLighting":true,"audioPlay":false,"sceneViewState":{"showFog":true,"showMaterialUpdate":false,"showSkybox":true,"showFlares":true,"showImageEffects":true,"showParticleSystems":true},"in2DMode":false,"pivot":{"x":38.972877502441409,"y":17.760913848876954,"z":-11.295562744140625},"rotation":{"x":0.026784101501107217,"y":0.19457954168319703,"z":-0.005315261892974377,"w":0.9805066585540772},"size":283.01495361328127,"orthographic":false}