{"cameraMode":{"drawMode":0,"name":"Shaded","section":"Shading Mode"},"sceneLighting":false,"audioPlay":false,"sceneViewState":{"showFog":true,"showMaterialUpdate":false,"showSkybox":true,"showFlares":true,"showImageEffects":true,"showParticleSystems":true},"in2DMode":false,"pivot":{"x":24.967601776123048,"y":8.605995178222657,"z":0.007672309875488281},"rotation":{"x":-0.03468817472457886,"y":0.2665587365627289,"z":-0.009600258432328701,"w":-0.963146448135376},"size":23.619110107421876,"orthographic":false}