{"cameraMode":{"drawMode":0,"name":"Shaded","section":"Shading Mode"},"sceneLighting":true,"audioPlay":false,"sceneViewState":{"showFog":true,"showMaterialUpdate":false,"showSkybox":true,"showFlares":true,"showImageEffects":true,"showParticleSystems":true},"in2DMode":false,"pivot":{"x":-0.9933395385742188,"y":0.06946182250976563,"z":-2.806732654571533},"rotation":{"x":0.1538495123386383,"y":-0.3500214219093323,"z":0.058395110070705417,"w":0.9221742749214172},"size":8.172628402709961,"orthographic":false}