{"cameraMode":{"drawMode":0,"name":"Shaded","section":"Shading Mode"},"sceneLighting":true,"audioPlay":false,"sceneViewState":{"showFog":true,"showMaterialUpdate":false,"showSkybox":true,"showFlares":true,"showImageEffects":true,"showParticleSystems":true},"in2DMode":false,"pivot":{"x":0.06322681903839112,"y":-0.08051395416259766,"z":3.0185370445251467},"rotation":{"x":0.011048654094338417,"y":-0.9853173494338989,"z":0.1552826315164566,"w":0.07010690122842789},"size":23.156482696533204,"orthographic":false}